filename,notes,authors,licenses,urls
body/bodies/male/thrust.png,see details at https://opengameart.org/content/lpc-character-bases; 'Thick' Male Revised Run/Climb by JaidynReiman (based on ElizaWy's LPC Revised) ,"bluecarrot16,JaidynReiman,Benjamin K. Smith (BenCreating),Evert,Eliza Wyatt (ElizaWy),TheraHedwig,MuffinElZangano,Durrani,Johannes Sjölund (wulax),Stephen Challener (Redshrike) ","OGA-BY 3.0,CC-BY-SA 3.0,GPL 3.0 ","https://opengameart.org/content/liberated-pixel-cup-lpc-base-assets-sprites-map-tiles,https://opengameart.org/content/lpc-medieval-fantasy-character-sprites,https://opengameart.org/content/lpc-male-jumping-animation-by-durrani,https://opengameart.org/content/lpc-runcycle-and-diagonal-walkcycle,https://opengameart.org/content/lpc-revised-character-basics,https://opengameart.org/content/lpc-be-seated,https://opengameart.org/content/lpc-runcycle-for-male-muscular-and-pregnant-character-bases-with-modular-heads,https://opengameart.org/content/lpc-jump-expanded,https://opengameart.org/content/lpc-character-bases "
body/bodies/male/walk.png,see details at https://opengameart.org/content/lpc-character-bases; 'Thick' Male Revised Run/Climb by JaidynReiman (based on ElizaWy's LPC Revised) ,"bluecarrot16,JaidynReiman,Benjamin K. Smith (BenCreating),Evert,Eliza Wyatt (ElizaWy),TheraHedwig,MuffinElZangano,Durrani,Johannes Sjölund (wulax),Stephen Challener (Redshrike) ","OGA-BY 3.0,CC-BY-SA 3.0,GPL 3.0 ","https://opengameart.org/content/liberated-pixel-cup-lpc-base-assets-sprites-map-tiles,https://opengameart.org/content/lpc-medieval-fantasy-character-sprites,https://opengameart.org/content/lpc-male-jumping-animation-by-durrani,https://opengameart.org/content/lpc-runcycle-and-diagonal-walkcycle,https://opengameart.org/content/lpc-revised-character-basics,https://opengameart.org/content/lpc-be-seated,https://opengameart.org/content/lpc-runcycle-for-male-muscular-and-pregnant-character-bases-with-modular-heads,https://opengameart.org/content/lpc-jump-expanded,https://opengameart.org/content/lpc-character-bases "
body/bodies/female/walk.png,see details at https://opengameart.org/content/lpc-character-bases ,"Benjamin K. Smith (BenCreating),bluecarrot16,TheraHedwig,Evert,MuffinElZangano,Durrani,Pierre Vigier (pvigier),ElizaWy,Matthew Krohn (makrohn),Johannes Sjölund (wulax),Stephen Challener (Redshrike) ","OGA-BY 3.0,CC-BY-SA 3.0,GPL 3.0 ","https://opengameart.org/content/liberated-pixel-cup-lpc-base-assets-sprites-map-tiles,https://opengameart.org/content/lpc-medieval-fantasy-character-sprites,https://opengameart.org/content/lpc-ladies,https://opengameart.org/content/lpc-7-womens-shirts,https://opengameart.org/content/lpc-jump-expanded,https://opengameart.org/content/lpc-be-seated,https://opengameart.org/content/lpc-revised-character-basics,https://gitlab.com/vagabondgame/lpc-characters,https://opengameart.org/content/lpc-male-jumping-animation-by-durrani,https://opengameart.org/content/lpc-runcycle-and-diagonal-walkcycle "
body/bodies/male/slash.png,see details at https://opengameart.org/content/lpc-character-bases; 'Thick' Male Revised Run/Climb by JaidynReiman (based on ElizaWy's LPC Revised) ,"bluecarrot16,JaidynReiman,Benjamin K. Smith (BenCreating),Evert,Eliza Wyatt (ElizaWy),TheraHedwig,MuffinElZangano,Durrani,Johannes Sjölund (wulax),Stephen Challener (Redshrike) ","OGA-BY 3.0,CC-BY-SA 3.0,GPL 3.0 ","https://opengameart.org/content/liberated-pixel-cup-lpc-base-assets-sprites-map-tiles,https://opengameart.org/content/lpc-medieval-fantasy-character-sprites,https://opengameart.org/content/lpc-male-jumping-animation-by-durrani,https://opengameart.org/content/lpc-runcycle-and-diagonal-walkcycle,https://opengameart.org/content/lpc-revised-character-basics,https://opengameart.org/content/lpc-be-seated,https://opengameart.org/content/lpc-runcycle-for-male-muscular-and-pregnant-character-bases-with-modular-heads,https://opengameart.org/content/lpc-jump-expanded,https://opengameart.org/content/lpc-character-bases "
body/bodies/male/shoot.png,see details at https://opengameart.org/content/lpc-character-bases; 'Thick' Male Revised Run/Climb by JaidynReiman (based on ElizaWy's LPC Revised) ,"bluecarrot16,JaidynReiman,Benjamin K. Smith (BenCreating),Evert,Eliza Wyatt (ElizaWy),TheraHedwig,MuffinElZangano,Durrani,Johannes Sjölund (wulax),Stephen Challener (Redshrike) ","OGA-BY 3.0,CC-BY-SA 3.0,GPL 3.0 ","https://opengameart.org/content/liberated-pixel-cup-lpc-base-assets-sprites-map-tiles,https://opengameart.org/content/lpc-medieval-fantasy-character-sprites,https://opengameart.org/content/lpc-male-jumping-animation-by-durrani,https://opengameart.org/content/lpc-runcycle-and-diagonal-walkcycle,https://opengameart.org/content/lpc-revised-character-basics,https://opengameart.org/content/lpc-be-seated,https://opengameart.org/content/lpc-runcycle-for-male-muscular-and-pregnant-character-bases-with-modular-heads,https://opengameart.org/content/lpc-jump-expanded,https://opengameart.org/content/lpc-character-bases "
body/bodies/male/hurt.png,see details at https://opengameart.org/content/lpc-character-bases; 'Thick' Male Revised Run/Climb by JaidynReiman (based on ElizaWy's LPC Revised) ,"bluecarrot16,JaidynReiman,Benjamin K. Smith (BenCreating),Evert,Eliza Wyatt (ElizaWy),TheraHedwig,MuffinElZangano,Durrani,Johannes Sjölund (wulax),Stephen Challener (Redshrike) ","OGA-BY 3.0,CC-BY-SA 3.0,GPL 3.0 ","https://opengameart.org/content/liberated-pixel-cup-lpc-base-assets-sprites-map-tiles,https://opengameart.org/content/lpc-medieval-fantasy-character-sprites,https://opengameart.org/content/lpc-male-jumping-animation-by-durrani,https://opengameart.org/content/lpc-runcycle-and-diagonal-walkcycle,https://opengameart.org/content/lpc-revised-character-basics,https://opengameart.org/content/lpc-be-seated,https://opengameart.org/content/lpc-runcycle-for-male-muscular-and-pregnant-character-bases-with-modular-heads,https://opengameart.org/content/lpc-jump-expanded,https://opengameart.org/content/lpc-character-bases "
head/heads/human/female/walk.png,"original head by Redshrike, tweaks by BenCreating, modular version by bluecarrot16 ","bluecarrot16,Benjamin K. Smith (BenCreating),Stephen Challener (Redshrike) ","OGA-BY 3.0,CC-BY-SA 3.0,GPL 3.0 ","https://opengameart.org/content/,https://opengameart.org/content/lpc-character-bases "
head/heads/human/male/thrust.png,"original head by Redshrike, tweaks by BenCreating, modular version by bluecarrot16 ","bluecarrot16,Benjamin K. Smith (BenCreating),Stephen Challener (Redshrike) ","OGA-BY 3.0,CC-BY-SA 3.0,GPL 3.0 ","https://opengameart.org/content/liberated-pixel-cup-lpc-base-assets-sprites-map-tiles,https://opengameart.org/content/lpc-character-bases "
head/heads/human/male/walk.png,"original head by Redshrike, tweaks by BenCreating, modular version by bluecarrot16 ","bluecarrot16,Benjamin K. Smith (BenCreating),Stephen Challener (Redshrike) ","OGA-BY 3.0,CC-BY-SA 3.0,GPL 3.0 ","https://opengameart.org/content/liberated-pixel-cup-lpc-base-assets-sprites-map-tiles,https://opengameart.org/content/lpc-character-bases "
head/heads/human/male/slash.png,"original head by Redshrike, tweaks by BenCreating, modular version by bluecarrot16 ","bluecarrot16,Benjamin K. Smith (BenCreating),Stephen Challener (Redshrike) ","OGA-BY 3.0,CC-BY-SA 3.0,GPL 3.0 ","https://opengameart.org/content/liberated-pixel-cup-lpc-base-assets-sprites-map-tiles,https://opengameart.org/content/lpc-character-bases "
head/heads/human/male/shoot.png,"original head by Redshrike, tweaks by BenCreating, modular version by bluecarrot16 ","bluecarrot16,Benjamin K. Smith (BenCreating),Stephen Challener (Redshrike) ","OGA-BY 3.0,CC-BY-SA 3.0,GPL 3.0 ","https://opengameart.org/content/liberated-pixel-cup-lpc-base-assets-sprites-map-tiles,https://opengameart.org/content/lpc-character-bases "
head/heads/human/male/hurt.png,"original head by Redshrike, tweaks by BenCreating, modular version by bluecarrot16 ","bluecarrot16,Benjamin K. Smith (BenCreating),Stephen Challener (Redshrike) ","OGA-BY 3.0,CC-BY-SA 3.0,GPL 3.0 ","https://opengameart.org/content/liberated-pixel-cup-lpc-base-assets-sprites-map-tiles,https://opengameart.org/content/lpc-character-bases "
beards/beard/basic/walk.png,"Original by Nemisys, repositioning by JaidynReiman. ","JaidynReiman,Carlo Enrico Victoria (Nemisys) ","CC-BY-SA 3.0,GPL 3.0 ",https://opengameart.org/content/lpc-white-beard 
beards/beard/medium/walk.png, ,ElizaWy ,OGA-BY 3.0 ,"https://github.com/ElizaWy/LPC/tree/main/Characters/Hair,https://opengameart.org/content/lpc-expanded-sit-run-jump-more "
beards/beard/winter/male/walk.png, ,bluecarrot16 ,CC0 ,https://opengameart.org/content/lpc-santa 
hair/bangs/adult/walk.png, ,"JaidynReiman,Manuel Riecke (MrBeast) ","CC-BY-SA 3.0,GPL 3.0 ","https://opengameart.org/content/liberated-pixel-cup-lpc-base-assets-sprites-map-tiles,https://opengameart.org/content/lpc-expanded-hair "
hair/messy1/adult/walk.png, ,"JaidynReiman,Manuel Riecke (MrBeast) ","CC-BY-SA 3.0,GPL 3.0 ","https://opengameart.org/content/liberated-pixel-cup-lpc-base-assets-sprites-map-tiles,https://opengameart.org/content/lpc-expanded-hair "
hair/plain/adult/walk.png, ,"JaidynReiman,Manuel Riecke (MrBeast),Joe White ","OGA-BY 3.0,CC-BY-SA 3.0,GPL 3.0 ","https://opengameart.org/content/liberated-pixel-cup-lpc-base-assets-sprites-map-tiles,https://opengameart.org/content/ponytail-and-plain-hairstyles,https://opengameart.org/content/lpc-expanded-hair "
hair/spiked/adult/thrust.png, ,kcilds/Rocetti/Eredah ,CC-BY 4.0 ,"https://opengameart.org/content/eredah-rpg-character-base-48x64-ongoing,https://opengameart.org/content/lpc-hair "
hair/spiked/adult/walk.png, ,kcilds/Rocetti/Eredah ,CC-BY 4.0 ,"https://opengameart.org/content/eredah-rpg-character-base-48x64-ongoing,https://opengameart.org/content/lpc-hair "
hair/spiked/adult/slash.png, ,kcilds/Rocetti/Eredah ,CC-BY 4.0 ,"https://opengameart.org/content/eredah-rpg-character-base-48x64-ongoing,https://opengameart.org/content/lpc-hair "
hair/spiked/adult/shoot.png, ,kcilds/Rocetti/Eredah ,CC-BY 4.0 ,"https://opengameart.org/content/eredah-rpg-character-base-48x64-ongoing,https://opengameart.org/content/lpc-hair "
hair/spiked/adult/hurt.png, ,kcilds/Rocetti/Eredah ,CC-BY 4.0 ,"https://opengameart.org/content/eredah-rpg-character-base-48x64-ongoing,https://opengameart.org/content/lpc-hair "
hair/ponytail/adult/fg/walk.png, ,"JaidynReiman,Manuel Riecke (MrBeast) ","CC-BY-SA 3.0,GPL 3.0 ","https://opengameart.org/content/liberated-pixel-cup-lpc-base-assets-sprites-map-tiles,https://opengameart.org/content/lpc-expanded-hair "
hair/ponytail/adult/bg/walk.png, ,"JaidynReiman,Manuel Riecke (MrBeast) ","CC-BY-SA 3.0,GPL 3.0 ","https://opengameart.org/content/liberated-pixel-cup-lpc-base-assets-sprites-map-tiles,https://opengameart.org/content/lpc-expanded-hair "
hair/long/adult/walk.png, ,"JaidynReiman,Manuel Riecke (MrBeast) ","CC-BY-SA 3.0,GPL 3.0 ","https://opengameart.org/content/liberated-pixel-cup-lpc-base-assets-sprites-map-tiles,https://opengameart.org/content/lpc-expanded-hair "
hat/cloth/hood/adult/walk.png,"Brown hood by Wulax, original black/white recolors by ??, mapped to idle/run/jump/revised combat by JaidynReiman, along with additional recolors. ","Johannes Sjölund (wulax),JaidynReiman ","OGA-BY 3.0,CC-BY-SA 3.0,GPL 3.0 ","https://opengameart.org/content/lpc-medieval-fantasy-character-sprites,https://opengameart.org/content/lpc-expanded-hats-facial-helmets "
hat/cloth/leather_cap/adult/thrust.png,"original by Johannes Sjölund (wulax), female by Matthew Krohn, mapped to all frames w/recolors by JaidynReiman ","Johannes Sjölund (wulax),Matthew Krohn (Makrohn),JaidynReiman ","OGA-BY 3.0,CC-BY-SA 3.0,GPL 3.0 ","https://opengameart.org/content/lpc-medieval-fantasy-character-sprites,https://opengameart.org/content/lpc-expanded-hats-facial-helmets "
hat/cloth/leather_cap/adult/walk.png,"original by Johannes Sjölund (wulax), female by Matthew Krohn, mapped to all frames w/recolors by JaidynReiman ","Johannes Sjölund (wulax),Matthew Krohn (Makrohn),JaidynReiman ","OGA-BY 3.0,CC-BY-SA 3.0,GPL 3.0 ","https://opengameart.org/content/lpc-medieval-fantasy-character-sprites,https://opengameart.org/content/lpc-expanded-hats-facial-helmets "
hat/cloth/leather_cap/adult/slash.png,"original by Johannes Sjölund (wulax), female by Matthew Krohn, mapped to all frames w/recolors by JaidynReiman ","Johannes Sjölund (wulax),Matthew Krohn (Makrohn),JaidynReiman ","OGA-BY 3.0,CC-BY-SA 3.0,GPL 3.0 ","https://opengameart.org/content/lpc-medieval-fantasy-character-sprites,https://opengameart.org/content/lpc-expanded-hats-facial-helmets "
hat/cloth/leather_cap/adult/shoot.png,"original by Johannes Sjölund (wulax), female by Matthew Krohn, mapped to all frames w/recolors by JaidynReiman ","Johannes Sjölund (wulax),Matthew Krohn (Makrohn),JaidynReiman ","OGA-BY 3.0,CC-BY-SA 3.0,GPL 3.0 ","https://opengameart.org/content/lpc-medieval-fantasy-character-sprites,https://opengameart.org/content/lpc-expanded-hats-facial-helmets "
hat/cloth/leather_cap/adult/hurt.png,"original by Johannes Sjölund (wulax), female by Matthew Krohn, mapped to all frames w/recolors by JaidynReiman ","Johannes Sjölund (wulax),Matthew Krohn (Makrohn),JaidynReiman ","OGA-BY 3.0,CC-BY-SA 3.0,GPL 3.0 ","https://opengameart.org/content/lpc-medieval-fantasy-character-sprites,https://opengameart.org/content/lpc-expanded-hats-facial-helmets "
hat/magic/wizard/belt/adult/walk.png,Original Wizard Hat and Recolors by bigbeargames and reemax; split into separate layers with new recolors by JaidynReiman ,"Michael Whitlock (bigbeargames),Tuomo Untinen (reemax),JaidynReiman ","CC-BY-SA 3.0,GPL 2.0,GPL 3.0 ","https://opengameart.org/content/lpc-items-and-game-effects,https://opengameart.org/content/lpc-pointed-hats,https://opengameart.org/content/lpc-expanded-hats-facial-helmets "
hat/magic/wizard/base/adult/walk.png,Original Wizard Hat and Recolors by bigbeargames and reemax; split into separate layers with new recolors by JaidynReiman ,"Michael Whitlock (bigbeargames),Tuomo Untinen (reemax),JaidynReiman ","CC-BY-SA 3.0,GPL 2.0,GPL 3.0 ","https://opengameart.org/content/lpc-items-and-game-effects,https://opengameart.org/content/lpc-pointed-hats,https://opengameart.org/content/lpc-expanded-hats-facial-helmets "
hat/holiday/santa/adult/walk.png,"Santa Hat by bluecarrot16, split into layers by JaidynReiman ","bluecarrot16,JaidynReiman ","OGA-BY 3.0,GPL 3.0 ","https://opengameart.org/content/lpc-santa,https://opengameart.org/content/lpc-expanded-hats-facial-helmets "
hat/helmet/armet/adult/thrust.png,"previously called helmet/armor, original version by Johannes Sjölund (wulax), adjustments by bluecarrot16, color reduction by JaidynReiman ","bluecarrot16,Johannes Sjölund (wulax),JaidynReiman ","OGA-BY 3.0,CC-BY-SA 3.0,GPL 3.0 ","https://opengameart.org/content/lpc-medieval-fantasy-character-sprites,https://opengameart.org/content/lpc-expanded-hats-facial-helmets "
hat/helmet/armet/adult/walk.png,"previously called helmet/armor, original version by Johannes Sjölund (wulax), adjustments by bluecarrot16, color reduction by JaidynReiman ","bluecarrot16,Johannes Sjölund (wulax),JaidynReiman ","OGA-BY 3.0,CC-BY-SA 3.0,GPL 3.0 ","https://opengameart.org/content/lpc-medieval-fantasy-character-sprites,https://opengameart.org/content/lpc-expanded-hats-facial-helmets "
hat/helmet/armet/adult/slash.png,"previously called helmet/armor, original version by Johannes Sjölund (wulax), adjustments by bluecarrot16, color reduction by JaidynReiman ","bluecarrot16,Johannes Sjölund (wulax),JaidynReiman ","OGA-BY 3.0,CC-BY-SA 3.0,GPL 3.0 ","https://opengameart.org/content/lpc-medieval-fantasy-character-sprites,https://opengameart.org/content/lpc-expanded-hats-facial-helmets "
hat/helmet/armet/adult/shoot.png,"previously called helmet/armor, original version by Johannes Sjölund (wulax), adjustments by bluecarrot16, color reduction by JaidynReiman ","bluecarrot16,Johannes Sjölund (wulax),JaidynReiman ","OGA-BY 3.0,CC-BY-SA 3.0,GPL 3.0 ","https://opengameart.org/content/lpc-medieval-fantasy-character-sprites,https://opengameart.org/content/lpc-expanded-hats-facial-helmets "
hat/helmet/armet/adult/hurt.png,"previously called helmet/armor, original version by Johannes Sjölund (wulax), adjustments by bluecarrot16, color reduction by JaidynReiman ","bluecarrot16,Johannes Sjölund (wulax),JaidynReiman ","OGA-BY 3.0,CC-BY-SA 3.0,GPL 3.0 ","https://opengameart.org/content/lpc-medieval-fantasy-character-sprites,https://opengameart.org/content/lpc-expanded-hats-facial-helmets "
hat/helmet/barbuta/male/walk.png, ,bluecarrot16 ,"OGA-BY 3.0,CC-BY 3.0,CC-BY 4.0,GPL 2.0,GPL 3.0 ","https://opengameart.org/content/lpc-helmets,https://opengameart.org/content/lpc-expanded-hats-facial-helmets "
hat/helmet/greathelm/male/walk.png, ,bluecarrot16 ,"OGA-BY 3.0,CC-BY 3.0,CC-BY 4.0,GPL 2.0,GPL 3.0 ","https://opengameart.org/content/lpc-helmets,https://opengameart.org/content/lpc-expanded-hats-facial-helmets "
hat/helmet/mail/adult/thrust.png,reduced palette version by Napsio ,"Napsio (Vitruvian Studio),Johannes Sjölund (wulax),JaidynReiman ","OGA-BY 3.0,CC-BY-SA 3.0,GPL 3.0 ","https://opengameart.org/content/lpc-medieval-fantasy-character-sprites,https://opengameart.org/content/lpc-expanded-hats-facial-helmets "
hat/helmet/mail/adult/walk.png,reduced palette version by Napsio ,"Napsio (Vitruvian Studio),Johannes Sjölund (wulax),JaidynReiman ","OGA-BY 3.0,CC-BY-SA 3.0,GPL 3.0 ","https://opengameart.org/content/lpc-medieval-fantasy-character-sprites,https://opengameart.org/content/lpc-expanded-hats-facial-helmets "
hat/helmet/mail/adult/slash.png,reduced palette version by Napsio ,"Napsio (Vitruvian Studio),Johannes Sjölund (wulax),JaidynReiman ","OGA-BY 3.0,CC-BY-SA 3.0,GPL 3.0 ","https://opengameart.org/content/lpc-medieval-fantasy-character-sprites,https://opengameart.org/content/lpc-expanded-hats-facial-helmets "
hat/helmet/mail/adult/shoot.png,reduced palette version by Napsio ,"Napsio (Vitruvian Studio),Johannes Sjölund (wulax),JaidynReiman ","OGA-BY 3.0,CC-BY-SA 3.0,GPL 3.0 ","https://opengameart.org/content/lpc-medieval-fantasy-character-sprites,https://opengameart.org/content/lpc-expanded-hats-facial-helmets "
hat/helmet/mail/adult/hurt.png,reduced palette version by Napsio ,"Napsio (Vitruvian Studio),Johannes Sjölund (wulax),JaidynReiman ","OGA-BY 3.0,CC-BY-SA 3.0,GPL 3.0 ","https://opengameart.org/content/lpc-medieval-fantasy-character-sprites,https://opengameart.org/content/lpc-expanded-hats-facial-helmets "
hat/helmet/nasal/adult/walk.png, ,bluecarrot16 ,"CC-BY 3.0,CC-BY 4.0,OGA-BY 3.0,GPL 2.0,GPL 3.0 ","https://opengameart.org/content/lpc-helmets,https://opengameart.org/content/lpc-expanded-hats-facial-helmets "
torso/chainmail/male/thrust.png,"minor edits by bluecarrot16, reduced colors by Napsio, adjusted Male colors and Idle/Sit/Emote/Climb/Run by JaidynReiman ","Johannes Sjölund (wulax),Napsio (Vitruvian Studio),JaidynReiman ","OGA-BY 3.0,CC-BY-SA 3.0,GPL 3.0 ",https://opengameart.org/content/lpc-medieval-fantasy-character-sprites 
torso/chainmail/male/walk.png,"minor edits by bluecarrot16, reduced colors by Napsio, adjusted Male colors and Idle/Sit/Emote/Climb/Run by JaidynReiman ","Johannes Sjölund (wulax),Napsio (Vitruvian Studio),JaidynReiman ","OGA-BY 3.0,CC-BY-SA 3.0,GPL 3.0 ",https://opengameart.org/content/lpc-medieval-fantasy-character-sprites 
torso/chainmail/male/slash.png,"minor edits by bluecarrot16, reduced colors by Napsio, adjusted Male colors and Idle/Sit/Emote/Climb/Run by JaidynReiman ","Johannes Sjölund (wulax),Napsio (Vitruvian Studio),JaidynReiman ","OGA-BY 3.0,CC-BY-SA 3.0,GPL 3.0 ",https://opengameart.org/content/lpc-medieval-fantasy-character-sprites 
torso/chainmail/male/shoot.png,"minor edits by bluecarrot16, reduced colors by Napsio, adjusted Male colors and Idle/Sit/Emote/Climb/Run by JaidynReiman ","Johannes Sjölund (wulax),Napsio (Vitruvian Studio),JaidynReiman ","OGA-BY 3.0,CC-BY-SA 3.0,GPL 3.0 ",https://opengameart.org/content/lpc-medieval-fantasy-character-sprites 
torso/chainmail/male/hurt.png,"minor edits by bluecarrot16, reduced colors by Napsio, adjusted Male colors and Idle/Sit/Emote/Climb/Run by JaidynReiman ","Johannes Sjölund (wulax),Napsio (Vitruvian Studio),JaidynReiman ","OGA-BY 3.0,CC-BY-SA 3.0,GPL 3.0 ",https://opengameart.org/content/lpc-medieval-fantasy-character-sprites 
torso/clothes/longsleeve/longsleeve/male/thrust.png,original by wulax; tweaks and further recolors by bluecarrot16; cleanup and climb/jump/run/sit/emote/revised combat adapted from LPC Revised by JaidynReiman ,"JaidynReiman,Johannes Sjölund (wulax) ","OGA-BY 3.0,CC-BY-SA 3.0,GPL 3.0 ","https://opengameart.org/content/lpc-medieval-fantasy-character-sprites,http://opengameart.org/content/lpc-clothing-updates,https://opengameart.org/content/lpc-revised-character-basics,https://github.com/ElizaWy/LPC/tree/main/Characters/Clothing,https://opengameart.org/content/lpc-expanded-sit-run-jump-more,https://opengameart.org/content/lpc-expanded-simple-shirts "
torso/clothes/longsleeve/longsleeve/male/walk.png,original by wulax; tweaks and further recolors by bluecarrot16; cleanup and climb/jump/run/sit/emote/revised combat adapted from LPC Revised by JaidynReiman ,"JaidynReiman,Johannes Sjölund (wulax) ","OGA-BY 3.0,CC-BY-SA 3.0,GPL 3.0 ","https://opengameart.org/content/lpc-medieval-fantasy-character-sprites,http://opengameart.org/content/lpc-clothing-updates,https://opengameart.org/content/lpc-revised-character-basics,https://github.com/ElizaWy/LPC/tree/main/Characters/Clothing,https://opengameart.org/content/lpc-expanded-sit-run-jump-more,https://opengameart.org/content/lpc-expanded-simple-shirts "
torso/clothes/longsleeve/longsleeve/female/walk.png,"original by ElizaWy, edited to v3 bases by bluecarrot16; cleanup and climb/jump/run/sit/emote/revised combat adapted from LPC Revised by JaidynReiman ","bluecarrot16,ElizaWy,JaidynReiman,Stephen Challener (Redshrike) ","OGA-BY 3.0,CC-BY-SA 3.0,GPL 3.0 ","https://opengameart.org/content/liberated-pixel-cup-lpc-base-assets-sprites-map-tiles,https://opengameart.org/content/lpc-7-womens-shirts,http://opengameart.org/content/lpc-clothing-updates,https://opengameart.org/content/lpc-revised-character-basics,https://github.com/ElizaWy/LPC/tree/main/Characters/Clothing,https://opengameart.org/content/lpc-expanded-sit-run-jump-more,https://opengameart.org/content/lpc-expanded-simple-shirts "
torso/clothes/longsleeve/longsleeve/male/slash.png,original by wulax; tweaks and further recolors by bluecarrot16; cleanup and climb/jump/run/sit/emote/revised combat adapted from LPC Revised by JaidynReiman ,"JaidynReiman,Johannes Sjölund (wulax) ","OGA-BY 3.0,CC-BY-SA 3.0,GPL 3.0 ","https://opengameart.org/content/lpc-medieval-fantasy-character-sprites,http://opengameart.org/content/lpc-clothing-updates,https://opengameart.org/content/lpc-revised-character-basics,https://github.com/ElizaWy/LPC/tree/main/Characters/Clothing,https://opengameart.org/content/lpc-expanded-sit-run-jump-more,https://opengameart.org/content/lpc-expanded-simple-shirts "
torso/clothes/longsleeve/longsleeve/male/shoot.png,original by wulax; tweaks and further recolors by bluecarrot16; cleanup and climb/jump/run/sit/emote/revised combat adapted from LPC Revised by JaidynReiman ,"JaidynReiman,Johannes Sjölund (wulax) ","OGA-BY 3.0,CC-BY-SA 3.0,GPL 3.0 ","https://opengameart.org/content/lpc-medieval-fantasy-character-sprites,http://opengameart.org/content/lpc-clothing-updates,https://opengameart.org/content/lpc-revised-character-basics,https://github.com/ElizaWy/LPC/tree/main/Characters/Clothing,https://opengameart.org/content/lpc-expanded-sit-run-jump-more,https://opengameart.org/content/lpc-expanded-simple-shirts "
torso/clothes/longsleeve/longsleeve/male/hurt.png,original by wulax; tweaks and further recolors by bluecarrot16; cleanup and climb/jump/run/sit/emote/revised combat adapted from LPC Revised by JaidynReiman ,"JaidynReiman,Johannes Sjölund (wulax) ","OGA-BY 3.0,CC-BY-SA 3.0,GPL 3.0 ","https://opengameart.org/content/lpc-medieval-fantasy-character-sprites,http://opengameart.org/content/lpc-clothing-updates,https://opengameart.org/content/lpc-revised-character-basics,https://github.com/ElizaWy/LPC/tree/main/Characters/Clothing,https://opengameart.org/content/lpc-expanded-sit-run-jump-more,https://opengameart.org/content/lpc-expanded-simple-shirts "
torso/clothes/shortsleeve/shortsleeve/male/walk.png,"original by ElizaWy walkcycle only; extended to all animations by adapting from longsleeve, edited to v3 bases by bluecarrot16; cleanup and climb/jump/run/sit/emote/revised combat adapted from LPC Revised by JaidynReiman ","bluecarrot16,ElizaWy,JaidynReiman,Stephen Challener (Redshrike) ","OGA-BY 3.0,CC-BY-SA 3.0,GPL 3.0 ","https://opengameart.org/content/liberated-pixel-cup-lpc-base-assets-sprites-map-tiles,http://opengameart.org/content/lpc-revised-character-basics,http://opengameart.org/content/lpc-clothing-updates,https://github.com/ElizaWy/LPC/tree/main/Characters/Clothing,https://opengameart.org/content/lpc-expanded-sit-run-jump-more,https://opengameart.org/content/lpc-expanded-simple-shirts "
torso/aprons/overalls/male/walk.png,"original overalls by ElizaWy, extended to all animation frames, adapted from teen to male base, and edited for v3 bases by bluecarrot16; extended to combat animations by JaidynReiman ","ElizaWy,bluecarrot16,JaidynReiman ","OGA-BY 3.0,GPL 3.0 ","https://opengameart.org/content/lpc-revised-character-basics,http://opengameart.org/content/lpc-clothing-updates "
torso/armour/leather/male/thrust.png,"adapted to v3 bases by bluecarrot16, reduced colors and climb/emote/jump by JaidynReiman ","Johannes Sjölund (wulax),bluecarrot16,JaidynReiman ","OGA-BY 3.0,CC-BY-SA 3.0,GPL 3.0 ","https://opengameart.org/content/lpc-medieval-fantasy-character-sprites,https://opengameart.org/content/lpc-clothing-updates,https://opengameart.org/content/lpc-expanded-armor "
torso/armour/leather/male/walk.png,"adapted to v3 bases by bluecarrot16, reduced colors and climb/emote/jump by JaidynReiman ","Johannes Sjölund (wulax),bluecarrot16,JaidynReiman ","OGA-BY 3.0,CC-BY-SA 3.0,GPL 3.0 ","https://opengameart.org/content/lpc-medieval-fantasy-character-sprites,https://opengameart.org/content/lpc-clothing-updates,https://opengameart.org/content/lpc-expanded-armor "
torso/armour/leather/male/slash.png,"adapted to v3 bases by bluecarrot16, reduced colors and climb/emote/jump by JaidynReiman ","Johannes Sjölund (wulax),bluecarrot16,JaidynReiman ","OGA-BY 3.0,CC-BY-SA 3.0,GPL 3.0 ","https://opengameart.org/content/lpc-medieval-fantasy-character-sprites,https://opengameart.org/content/lpc-clothing-updates,https://opengameart.org/content/lpc-expanded-armor "
torso/armour/leather/male/shoot.png,"adapted to v3 bases by bluecarrot16, reduced colors and climb/emote/jump by JaidynReiman ","Johannes Sjölund (wulax),bluecarrot16,JaidynReiman ","OGA-BY 3.0,CC-BY-SA 3.0,GPL 3.0 ","https://opengameart.org/content/lpc-medieval-fantasy-character-sprites,https://opengameart.org/content/lpc-clothing-updates,https://opengameart.org/content/lpc-expanded-armor "
torso/armour/leather/male/hurt.png,"adapted to v3 bases by bluecarrot16, reduced colors and climb/emote/jump by JaidynReiman ","Johannes Sjölund (wulax),bluecarrot16,JaidynReiman ","OGA-BY 3.0,CC-BY-SA 3.0,GPL 3.0 ","https://opengameart.org/content/lpc-medieval-fantasy-character-sprites,https://opengameart.org/content/lpc-clothing-updates,https://opengameart.org/content/lpc-expanded-armor "
torso/armour/plate/male/thrust.png,"original by wulax, recolor by bigbeargames, color reduced to 7 colors and adapted to v3 bases by bluecarrot16, run/jump/sit/climb/revised combat by JaidynReiman, reduced colors to 6 (based on Napsio's Vitruvian) ","Napsio (Vitruvian Studio),JaidynReiman,bluecarrot16,Michael Whitlock (bigbeargames),Johannes Sjölund (wulax) ","OGA-BY 3.0,CC-BY-SA 3.0,GPL 3.0 ","https://opengameart.org/content/lpc-medieval-fantasy-character-sprites,https://opengameart.org/content/lpc-combat-armor-for-women "
torso/armour/plate/male/walk.png,"original by wulax, recolor by bigbeargames, color reduced to 7 colors and adapted to v3 bases by bluecarrot16, run/jump/sit/climb/revised combat by JaidynReiman, reduced colors to 6 (based on Napsio's Vitruvian) ","Napsio (Vitruvian Studio),JaidynReiman,bluecarrot16,Michael Whitlock (bigbeargames),Johannes Sjölund (wulax) ","OGA-BY 3.0,CC-BY-SA 3.0,GPL 3.0 ","https://opengameart.org/content/lpc-medieval-fantasy-character-sprites,https://opengameart.org/content/lpc-combat-armor-for-women "
torso/armour/plate/male/slash.png,"original by wulax, recolor by bigbeargames, color reduced to 7 colors and adapted to v3 bases by bluecarrot16, run/jump/sit/climb/revised combat by JaidynReiman, reduced colors to 6 (based on Napsio's Vitruvian) ","Napsio (Vitruvian Studio),JaidynReiman,bluecarrot16,Michael Whitlock (bigbeargames),Johannes Sjölund (wulax) ","OGA-BY 3.0,CC-BY-SA 3.0,GPL 3.0 ","https://opengameart.org/content/lpc-medieval-fantasy-character-sprites,https://opengameart.org/content/lpc-combat-armor-for-women "
torso/armour/plate/male/shoot.png,"original by wulax, recolor by bigbeargames, color reduced to 7 colors and adapted to v3 bases by bluecarrot16, run/jump/sit/climb/revised combat by JaidynReiman, reduced colors to 6 (based on Napsio's Vitruvian) ","Napsio (Vitruvian Studio),JaidynReiman,bluecarrot16,Michael Whitlock (bigbeargames),Johannes Sjölund (wulax) ","OGA-BY 3.0,CC-BY-SA 3.0,GPL 3.0 ","https://opengameart.org/content/lpc-medieval-fantasy-character-sprites,https://opengameart.org/content/lpc-combat-armor-for-women "
torso/armour/plate/male/hurt.png,"original by wulax, recolor by bigbeargames, color reduced to 7 colors and adapted to v3 bases by bluecarrot16, run/jump/sit/climb/revised combat by JaidynReiman, reduced colors to 6 (based on Napsio's Vitruvian) ","Napsio (Vitruvian Studio),JaidynReiman,bluecarrot16,Michael Whitlock (bigbeargames),Johannes Sjölund (wulax) ","OGA-BY 3.0,CC-BY-SA 3.0,GPL 3.0 ","https://opengameart.org/content/lpc-medieval-fantasy-character-sprites,https://opengameart.org/content/lpc-combat-armor-for-women "
legs/pants/male/thrust.png,"original male pants by wulax, recolors and edits to v3 base by bluecarrot16, climb/jump/run/sit/emotes/revised combat by JaidynReiman based on ElizaWy's LPC Revised ","bluecarrot16,JaidynReiman,ElizaWy,Matthew Krohn (makrohn),Johannes Sjölund (wulax),Stephen Challener (Redshrike) ","OGA-BY 3.0,GPL 3.0,CC-BY-SA 3.0 ","https://opengameart.org/content/liberated-pixel-cup-lpc-base-assets-sprites-map-tiles,https://opengameart.org/content/lpc-medieval-fantasy-character-sprites,https://opengameart.org/content/lpc-expanded-pants "
legs/pants/male/walk.png,"original male pants by wulax, recolors and edits to v3 base by bluecarrot16, climb/jump/run/sit/emotes/revised combat by JaidynReiman based on ElizaWy's LPC Revised ","bluecarrot16,JaidynReiman,ElizaWy,Matthew Krohn (makrohn),Johannes Sjölund (wulax),Stephen Challener (Redshrike) ","OGA-BY 3.0,GPL 3.0,CC-BY-SA 3.0 ","https://opengameart.org/content/liberated-pixel-cup-lpc-base-assets-sprites-map-tiles,https://opengameart.org/content/lpc-medieval-fantasy-character-sprites,https://opengameart.org/content/lpc-expanded-pants "
legs/pants/male/slash.png,"original male pants by wulax, recolors and edits to v3 base by bluecarrot16, climb/jump/run/sit/emotes/revised combat by JaidynReiman based on ElizaWy's LPC Revised ","bluecarrot16,JaidynReiman,ElizaWy,Matthew Krohn (makrohn),Johannes Sjölund (wulax),Stephen Challener (Redshrike) ","OGA-BY 3.0,GPL 3.0,CC-BY-SA 3.0 ","https://opengameart.org/content/liberated-pixel-cup-lpc-base-assets-sprites-map-tiles,https://opengameart.org/content/lpc-medieval-fantasy-character-sprites,https://opengameart.org/content/lpc-expanded-pants "
legs/pants/male/shoot.png,"original male pants by wulax, recolors and edits to v3 base by bluecarrot16, climb/jump/run/sit/emotes/revised combat by JaidynReiman based on ElizaWy's LPC Revised ","bluecarrot16,JaidynReiman,ElizaWy,Matthew Krohn (makrohn),Johannes Sjölund (wulax),Stephen Challener (Redshrike) ","OGA-BY 3.0,GPL 3.0,CC-BY-SA 3.0 ","https://opengameart.org/content/liberated-pixel-cup-lpc-base-assets-sprites-map-tiles,https://opengameart.org/content/lpc-medieval-fantasy-character-sprites,https://opengameart.org/content/lpc-expanded-pants "
legs/pants/male/hurt.png,"original male pants by wulax, recolors and edits to v3 base by bluecarrot16, climb/jump/run/sit/emotes/revised combat by JaidynReiman based on ElizaWy's LPC Revised ","bluecarrot16,JaidynReiman,ElizaWy,Matthew Krohn (makrohn),Johannes Sjölund (wulax),Stephen Challener (Redshrike) ","OGA-BY 3.0,GPL 3.0,CC-BY-SA 3.0 ","https://opengameart.org/content/liberated-pixel-cup-lpc-base-assets-sprites-map-tiles,https://opengameart.org/content/lpc-medieval-fantasy-character-sprites,https://opengameart.org/content/lpc-expanded-pants "
legs/skirts/plain/thin/walk.png,"original by wulax, edited for female base by pvigier, edited for v3 base by bluecarrot16, idle & sit by Ahmad3366, color reduced & female sit/emote by JaidynReiman ","bluecarrot16,Pierre Vigier (pvigier),Johannes Sjölund (wulax),Ahmad3366,JaidynReiman ","OGA-BY 3.0,CC-BY-SA 3.0,GPL 3.0 ",https://opengameart.org/content/lpc-medieval-fantasy-character-sprites 
feet/shoes/basic/male/thrust.png,"original by wulax, edited for v3 base by bluecarrot16, Jump/Sit/Emote/Run/Revised Combat by JaidynReiman ","JaidynReiman,bluecarrot16,Johannes Sjölund (wulax) ","OGA-BY 3.0,CC-BY-SA 3.0,GPL 3.0 ","https://opengameart.org/content/lpc-medieval-fantasy-character-sprites,http://opengameart.org/content/lpc-clothing-updates,https://opengameart.org/content/lpc-expanded-socks-shoes "
feet/shoes/basic/male/walk.png,"original by wulax, edited for v3 base by bluecarrot16, Jump/Sit/Emote/Run/Revised Combat by JaidynReiman ","JaidynReiman,bluecarrot16,Johannes Sjölund (wulax) ","OGA-BY 3.0,CC-BY-SA 3.0,GPL 3.0 ","https://opengameart.org/content/lpc-medieval-fantasy-character-sprites,http://opengameart.org/content/lpc-clothing-updates,https://opengameart.org/content/lpc-expanded-socks-shoes "
feet/shoes/basic/male/slash.png,"original by wulax, edited for v3 base by bluecarrot16, Jump/Sit/Emote/Run/Revised Combat by JaidynReiman ","JaidynReiman,bluecarrot16,Johannes Sjölund (wulax) ","OGA-BY 3.0,CC-BY-SA 3.0,GPL 3.0 ","https://opengameart.org/content/lpc-medieval-fantasy-character-sprites,http://opengameart.org/content/lpc-clothing-updates,https://opengameart.org/content/lpc-expanded-socks-shoes "
feet/shoes/basic/male/shoot.png,"original by wulax, edited for v3 base by bluecarrot16, Jump/Sit/Emote/Run/Revised Combat by JaidynReiman ","JaidynReiman,bluecarrot16,Johannes Sjölund (wulax) ","OGA-BY 3.0,CC-BY-SA 3.0,GPL 3.0 ","https://opengameart.org/content/lpc-medieval-fantasy-character-sprites,http://opengameart.org/content/lpc-clothing-updates,https://opengameart.org/content/lpc-expanded-socks-shoes "
feet/shoes/basic/male/hurt.png,"original by wulax, edited for v3 base by bluecarrot16, Jump/Sit/Emote/Run/Revised Combat by JaidynReiman ","JaidynReiman,bluecarrot16,Johannes Sjölund (wulax) ","OGA-BY 3.0,CC-BY-SA 3.0,GPL 3.0 ","https://opengameart.org/content/lpc-medieval-fantasy-character-sprites,http://opengameart.org/content/lpc-clothing-updates,https://opengameart.org/content/lpc-expanded-socks-shoes "
feet/boots/basic/male/thrust.png,"original by Nila122, edited for male and v3 bases by bluecarrot16, Jump/Sit/Emote/Run/Revised Combat by JaidynReiman ","JaidynReiman,bluecarrot16,Nila122 ","OGA-BY 3.0,CC-BY-SA 3.0,GPL 2.0,GPL 3.0 ","https://opengameart.org/content/lpc-clothes-and-hair,https://opengameart.org/content/lpc-expanded-socks-shoes "
feet/boots/basic/male/walk.png,"original by Nila122, edited for male and v3 bases by bluecarrot16, Jump/Sit/Emote/Run/Revised Combat by JaidynReiman ","JaidynReiman,bluecarrot16,Nila122 ","OGA-BY 3.0,CC-BY-SA 3.0,GPL 2.0,GPL 3.0 ","https://opengameart.org/content/lpc-clothes-and-hair,https://opengameart.org/content/lpc-expanded-socks-shoes "
feet/boots/basic/thin/walk.png,"original by Nila122, edited for v3 bases by bluecarrot16, Jump/Sit/Emote/Run/Revised Combat by JaidynReiman ","JaidynReiman,bluecarrot16,Nila122 ","OGA-BY 3.0,CC-BY-SA 3.0,GPL 2.0,GPL 3.0 ","https://opengameart.org/content/lpc-clothes-and-hair,https://opengameart.org/content/lpc-expanded-socks-shoes "
feet/boots/basic/male/slash.png,"original by Nila122, edited for male and v3 bases by bluecarrot16, Jump/Sit/Emote/Run/Revised Combat by JaidynReiman ","JaidynReiman,bluecarrot16,Nila122 ","OGA-BY 3.0,CC-BY-SA 3.0,GPL 2.0,GPL 3.0 ","https://opengameart.org/content/lpc-clothes-and-hair,https://opengameart.org/content/lpc-expanded-socks-shoes "
feet/boots/basic/male/shoot.png,"original by Nila122, edited for male and v3 bases by bluecarrot16, Jump/Sit/Emote/Run/Revised Combat by JaidynReiman ","JaidynReiman,bluecarrot16,Nila122 ","OGA-BY 3.0,CC-BY-SA 3.0,GPL 2.0,GPL 3.0 ","https://opengameart.org/content/lpc-clothes-and-hair,https://opengameart.org/content/lpc-expanded-socks-shoes "
feet/boots/basic/male/hurt.png,"original by Nila122, edited for male and v3 bases by bluecarrot16, Jump/Sit/Emote/Run/Revised Combat by JaidynReiman ","JaidynReiman,bluecarrot16,Nila122 ","OGA-BY 3.0,CC-BY-SA 3.0,GPL 2.0,GPL 3.0 ","https://opengameart.org/content/lpc-clothes-and-hair,https://opengameart.org/content/lpc-expanded-socks-shoes "
feet/boots/fold/male/thrust.png, ,JaidynReiman ,"OGA-BY 3.0+,CC-BY 3.0+,GPL 3.0 ","https://opengameart.org/content/lpc-kimono-relm,https://opengameart.org/content/lpc-expanded-socks-shoes "
feet/boots/fold/male/walk.png, ,JaidynReiman ,"OGA-BY 3.0+,CC-BY 3.0+,GPL 3.0 ","https://opengameart.org/content/lpc-kimono-relm,https://opengameart.org/content/lpc-expanded-socks-shoes "
feet/boots/fold/male/slash.png, ,JaidynReiman ,"OGA-BY 3.0+,CC-BY 3.0+,GPL 3.0 ","https://opengameart.org/content/lpc-kimono-relm,https://opengameart.org/content/lpc-expanded-socks-shoes "
feet/boots/fold/male/shoot.png, ,JaidynReiman ,"OGA-BY 3.0+,CC-BY 3.0+,GPL 3.0 ","https://opengameart.org/content/lpc-kimono-relm,https://opengameart.org/content/lpc-expanded-socks-shoes "
feet/boots/fold/male/hurt.png, ,JaidynReiman ,"OGA-BY 3.0+,CC-BY 3.0+,GPL 3.0 ","https://opengameart.org/content/lpc-kimono-relm,https://opengameart.org/content/lpc-expanded-socks-shoes "
feet/boots/rimmed/male/walk.png, ,JaidynReiman ,"OGA-BY 3.0+,CC-BY 3.0+,GPL 3.0 ","https://opengameart.org/content/lpc-kimono-relm,https://opengameart.org/content/lpc-expanded-socks-shoes "
eyes/human,"Original by Redshrike, eyes by ElizaWy, mapped to all frames by JaidynReiman (same source as head/faces)","JaidynReiman,ElizaWy,Stephen Challener (Redshrike)","OGA-BY 3.0,CC-BY-SA 3.0,GPL 3.0",https://github.com/ElizaWy/LPC/tree/main/Characters/Head https://opengameart.org/content/ulpc-expanded-expressions
torso/clothes/robe,,Luke Mehl,"CC-BY-SA 3.0,GPL 3.0",https://opengameart.org/content/female-mage-clothing-set
weapon/blunt/mace,,"Johannes Sjölund (wulax),bluecarrot16","OGA-BY 3.0,CC-BY-SA 3.0",https://opengameart.org/content/lpc-medieval-fantasy-character-sprites https://opengameart.org/content/lpc-extended-weapon-animations
weapon/blunt/waraxe,,"Benjamin K. Smith (BenCreating),bluecarrot16,Sander Frenken (castelonia)","CC-BY-SA 3.0,GPL 3.0",https://opengameart.org/content/lpc-medieval-weapons
weapon/magic/crystal,,bluecarrot16,"OGA-BY 3.0+,GPL 3.0,CC-BY 4.0",https://opengameart.org/content/lpc-more-weapons
weapon/polearm/spear,"original by wulax, walk animations redone by pvigier, split into layers and tweaked for v3 character bases by bluecarrot16","Pierre Vigier (pvigier),Johannes Sjölund (wulax),Inboxninja",CC-BY-SA 3.0,https://opengameart.org/content/lpc-medieval-fantasy-character-sprites https://opengameart.org/content/lpc-spear-and-shovel-reworked
weapon/ranged/bow/arrow,,Johannes Sjölund (wulax),"OGA-BY 3.0,CC-BY-SA 3.0,GPL 3.0",https://opengameart.org/content/lpc-medieval-fantasy-character-sprites
weapon/ranged/bow/normal,"original by wulax, walk animations by pvigier, split into layers and tweaked for v3 character bases by bluecarrot16. pvigier has agreed to license this sheet as OGA-BY 3.0+.","Johannes Sjölund (wulax),Pierre Vigier (pvigier)","OGA-BY 3.0+,GPL 3.0,CC-BY 4.0",https://opengameart.org/content/lpc-medieval-fantasy-character-sprites https://opengameart.org/content/lpc-walk-animations-for-bows
weapon/sword/arming,,ElizaWy; walk and down by JaidynReiman,OGA-BY 3.0,https://github.com/ElizaWy/LPC/tree/main/Characters/Props/Sword%2001%20-%20Arming%20Sword https://opengameart.org/content/lpc-expanded-sit-run-jump-more
weapon/sword/dagger,,"bluecarrot16,Johannes Sjölund (wulax),Matthew Krohn (makrohn)","OGA-BY 3.0,CC-BY-SA 3.0,GPL 3.0",https://opengameart.org/content/lpc-medieval-fantasy-character-sprites https://opengameart.org/content/lpc-extended-weapon-animations
body/bodies/female/spellcast.png,see details at https://opengameart.org/content/lpc-character-bases ,"Benjamin K. Smith (BenCreating),bluecarrot16,TheraHedwig,Evert,MuffinElZangano,Durrani,Pierre Vigier (pvigier),ElizaWy,Matthew Krohn (makrohn),Johannes Sjölund (wulax),Stephen Challener (Redshrike) ","OGA-BY 3.0,CC-BY-SA 3.0,GPL 3.0 ","https://opengameart.org/content/liberated-pixel-cup-lpc-base-assets-sprites-map-tiles,https://opengameart.org/content/lpc-medieval-fantasy-character-sprites,https://opengameart.org/content/lpc-ladies,https://opengameart.org/content/lpc-7-womens-shirts,https://opengameart.org/content/lpc-jump-expanded,https://opengameart.org/content/lpc-be-seated,https://opengameart.org/content/lpc-revised-character-basics,https://gitlab.com/vagabondgame/lpc-characters,https://opengameart.org/content/lpc-male-jumping-animation-by-durrani,https://opengameart.org/content/lpc-runcycle-and-diagonal-walkcycle "
body/bodies/female/hurt.png,see details at https://opengameart.org/content/lpc-character-bases ,"Benjamin K. Smith (BenCreating),bluecarrot16,TheraHedwig,Evert,MuffinElZangano,Durrani,Pierre Vigier (pvigier),ElizaWy,Matthew Krohn (makrohn),Johannes Sjölund (wulax),Stephen Challener (Redshrike) ","OGA-BY 3.0,CC-BY-SA 3.0,GPL 3.0 ","https://opengameart.org/content/liberated-pixel-cup-lpc-base-assets-sprites-map-tiles,https://opengameart.org/content/lpc-medieval-fantasy-character-sprites,https://opengameart.org/content/lpc-ladies,https://opengameart.org/content/lpc-7-womens-shirts,https://opengameart.org/content/lpc-jump-expanded,https://opengameart.org/content/lpc-be-seated,https://opengameart.org/content/lpc-revised-character-basics,https://gitlab.com/vagabondgame/lpc-characters,https://opengameart.org/content/lpc-male-jumping-animation-by-durrani,https://opengameart.org/content/lpc-runcycle-and-diagonal-walkcycle "
body/bodies/skeleton/walk.png, ,"bluecarrot16,Napsio,JaidynReiman,Johannes Sjölund (wulax),Stephen Challener (Redshrike) ","OGA-BY 3.0,CC-BY-SA 3.0,GPL 3.0 ","https://opengameart.org/content/liberated-pixel-cup-lpc-base-assets-sprites-map-tiles,https://opengameart.org/content/lpc-medieval-fantasy-character-sprites,https://opengameart.org/content/lpc-skeleton,https://opengameart.org/content/lpc-character-bases "
body/bodies/skeleton/slash.png, ,"bluecarrot16,Napsio,JaidynReiman,Johannes Sjölund (wulax),Stephen Challener (Redshrike) ","OGA-BY 3.0,CC-BY-SA 3.0,GPL 3.0 ","https://opengameart.org/content/liberated-pixel-cup-lpc-base-assets-sprites-map-tiles,https://opengameart.org/content/lpc-medieval-fantasy-character-sprites,https://opengameart.org/content/lpc-skeleton,https://opengameart.org/content/lpc-character-bases "
body/bodies/skeleton/hurt.png, ,"bluecarrot16,Napsio,JaidynReiman,Johannes Sjölund (wulax),Stephen Challener (Redshrike) ","OGA-BY 3.0,CC-BY-SA 3.0,GPL 3.0 ","https://opengameart.org/content/liberated-pixel-cup-lpc-base-assets-sprites-map-tiles,https://opengameart.org/content/lpc-medieval-fantasy-character-sprites,https://opengameart.org/content/lpc-skeleton,https://opengameart.org/content/lpc-character-bases "
head/heads/human/female/spellcast.png,"original head by Redshrike, tweaks by BenCreating, modular version by bluecarrot16 ","bluecarrot16,Benjamin K. Smith (BenCreating),Stephen Challener (Redshrike) ","OGA-BY 3.0,CC-BY-SA 3.0,GPL 3.0 ","https://opengameart.org/content/,https://opengameart.org/content/lpc-character-bases "
head/heads/human/female/hurt.png,"original head by Redshrike, tweaks by BenCreating, modular version by bluecarrot16 ","bluecarrot16,Benjamin K. Smith (BenCreating),Stephen Challener (Redshrike) ","OGA-BY 3.0,CC-BY-SA 3.0,GPL 3.0 ","https://opengameart.org/content/,https://opengameart.org/content/lpc-character-bases "
head/heads/skeleton/adult/walk.png, ,"bluecarrot16,Napsio,JaidynReiman,Johannes Sjölund (wulax),Stephen Challener (Redshrike) ","OGA-BY 3.0,CC-BY-SA 3.0,GPL 3.0 ","https://opengameart.org/content/liberated-pixel-cup-lpc-base-assets-sprites-map-tiles,https://opengameart.org/content/lpc-medieval-fantasy-character-sprites,https://opengameart.org/content/lpc-skeleton,https://opengameart.org/content/lpc-character-bases "
head/heads/skeleton/adult/slash.png, ,"bluecarrot16,Napsio,JaidynReiman,Johannes Sjölund (wulax),Stephen Challener (Redshrike) ","OGA-BY 3.0,CC-BY-SA 3.0,GPL 3.0 ","https://opengameart.org/content/liberated-pixel-cup-lpc-base-assets-sprites-map-tiles,https://opengameart.org/content/lpc-medieval-fantasy-character-sprites,https://opengameart.org/content/lpc-skeleton,https://opengameart.org/content/lpc-character-bases "
head/heads/skeleton/adult/hurt.png, ,"bluecarrot16,Napsio,JaidynReiman,Johannes Sjölund (wulax),Stephen Challener (Redshrike) ","OGA-BY 3.0,CC-BY-SA 3.0,GPL 3.0 ","https://opengameart.org/content/liberated-pixel-cup-lpc-base-assets-sprites-map-tiles,https://opengameart.org/content/lpc-medieval-fantasy-character-sprites,https://opengameart.org/content/lpc-skeleton,https://opengameart.org/content/lpc-character-bases "
head/heads/zombie/adult/walk.png, ,"bluecarrot16,Benjamin K. Smith (BenCreating),Sander Frenken (castelonia),Stephen Challener (Redshrike) ","CC-BY-SA 3.0,GPL 3.0 ","https://opengameart.org/content/liberated-pixel-cup-lpc-base-assets-sprites-map-tiles,https://opengameart.org/content/lpc-zombie,https://opengameart.org/content/lpc-character-bases "
head/heads/zombie/adult/slash.png, ,"bluecarrot16,Benjamin K. Smith (BenCreating),Sander Frenken (castelonia),Stephen Challener (Redshrike) ","CC-BY-SA 3.0,GPL 3.0 ","https://opengameart.org/content/liberated-pixel-cup-lpc-base-assets-sprites-map-tiles,https://opengameart.org/content/lpc-zombie,https://opengameart.org/content/lpc-character-bases "
head/heads/zombie/adult/hurt.png, ,"bluecarrot16,Benjamin K. Smith (BenCreating),Sander Frenken (castelonia),Stephen Challener (Redshrike) ","CC-BY-SA 3.0,GPL 3.0 ","https://opengameart.org/content/liberated-pixel-cup-lpc-base-assets-sprites-map-tiles,https://opengameart.org/content/lpc-zombie,https://opengameart.org/content/lpc-character-bases "
hair/bangs_bun/adult/walk.png,"Original by bluecarrot16, animated by ElizaWy. ","ElizaWy,bluecarrot16 ",CC0 ,"https://opengameart.org/content/lpc-hair,https://github.com/ElizaWy/LPC/blob/main/Characters/Hair,https://opengameart.org/content/lpc-expanded-sit-run-jump-more "
hat/cloth/hood/adult/spellcast.png,"Brown hood by Wulax, original black/white recolors by ??, mapped to idle/run/jump/revised combat by JaidynReiman, along with additional recolors. ","Johannes Sjölund (wulax),JaidynReiman ","OGA-BY 3.0,CC-BY-SA 3.0,GPL 3.0 ","https://opengameart.org/content/lpc-medieval-fantasy-character-sprites,https://opengameart.org/content/lpc-expanded-hats-facial-helmets "
hat/cloth/hood/adult/hurt.png,"Brown hood by Wulax, original black/white recolors by ??, mapped to idle/run/jump/revised combat by JaidynReiman, along with additional recolors. ","Johannes Sjölund (wulax),JaidynReiman ","OGA-BY 3.0,CC-BY-SA 3.0,GPL 3.0 ","https://opengameart.org/content/lpc-medieval-fantasy-character-sprites,https://opengameart.org/content/lpc-expanded-hats-facial-helmets "
facial/glasses/round/adult/walk.png, ,"bluecarrot16,Thane Brimhall (pennomi),laetissima ","CC-BY-SA 3.0,GPL 3.0 ","https://opengameart.org/content/clothing-facial-features-and-ui-elements,https://opengameart.org/content/lpc-gentleman "
body/bodies/zombie,,"Stephen Challener (Redshrike),Johannes Sjölund (wulax),Sander Frenken (castelonia),Benjamin K. Smith (BenCreating),bluecarrot16","OGA-BY 3.0,CC-BY-SA 3.0,GPL 3.0",https://opengameart.org/content/liberated-pixel-cup-lpc-base-assets-sprites-map-tiles https://opengameart.org/content/lpc-medieval-fantasy-character-sprites https://opengameart.org/content/lpc-zombie https://opengameart.org/content/lpc-character-bases
body/bodies/child/walk.png, ,"bluecarrot16,Benjamin K. Smith (BenCreating),ElizaWy,MuffinElZangano,Durrani,Nila122,kheftel,Stephen Challener (Redshrike) ","OGA-BY 3.0,CC-BY-SA 3.0,GPL 3.0 ","https://opengameart.org/content/liberated-pixel-cup-lpc-base-assets-sprites-map-tiles,https://opengameart.org/content/lpc-child-standing-template,https://opengameart.org/content/lpc-children-walk-animation,https://opengameart.org/content/lpc-male-jumping-animation-by-durrani,https://opengameart.org/content/lpc-male-jumping-animation-by-durrani,https://opengameart.org/content/lpc-jump-expanded,https://opengameart.org/content/lpc-jump-expanded "
body/bodies/muscular/walk.png,see details at https://opengameart.org/content/lpc-character-bases ,"bluecarrot16,JaidynReiman,Evert,TheraHedwig,MuffinElZangano,Durrani,Sander Frenken (castelonia),Benjamin K. Smith (BenCreating),Eliza Wyatt (ElizaWy),dalonedrau,Stephen Challener (Redshrike) ","CC-BY-SA 3.0,GPL 3.0 ","https://opengameart.org/content/liberated-pixel-cup-lpc-base-assets-sprites-map-tiles,https://opengameart.org/content/lpc-barbarian-sprite-base,https://opengameart.org/content/lpc-muscular-swing-animation,https://opengameart.org/content/lpc-muscular-hurt-animation,https://opengameart.org/content/lpc-jump-expanded,https://opengameart.org/content/lpc-revised-character-basics,https://opengameart.org/content/lpc-be-seated,https://opengameart.org/content/lpc-jump-expanded,https://opengameart.org/content/lpc-character-bases,https://opengameart.org/content/lpc-male-jumping-animation-by-durrani "
body/bodies/muscular/slash.png,see details at https://opengameart.org/content/lpc-character-bases ,"bluecarrot16,JaidynReiman,Evert,TheraHedwig,MuffinElZangano,Durrani,Sander Frenken (castelonia),Benjamin K. Smith (BenCreating),Eliza Wyatt (ElizaWy),dalonedrau,Stephen Challener (Redshrike) ","CC-BY-SA 3.0,GPL 3.0 ","https://opengameart.org/content/liberated-pixel-cup-lpc-base-assets-sprites-map-tiles,https://opengameart.org/content/lpc-barbarian-sprite-base,https://opengameart.org/content/lpc-muscular-swing-animation,https://opengameart.org/content/lpc-muscular-hurt-animation,https://opengameart.org/content/lpc-jump-expanded,https://opengameart.org/content/lpc-revised-character-basics,https://opengameart.org/content/lpc-be-seated,https://opengameart.org/content/lpc-jump-expanded,https://opengameart.org/content/lpc-character-bases,https://opengameart.org/content/lpc-male-jumping-animation-by-durrani "
body/bodies/muscular/hurt.png,see details at https://opengameart.org/content/lpc-character-bases ,"bluecarrot16,JaidynReiman,Evert,TheraHedwig,MuffinElZangano,Durrani,Sander Frenken (castelonia),Benjamin K. Smith (BenCreating),Eliza Wyatt (ElizaWy),dalonedrau,Stephen Challener (Redshrike) ","CC-BY-SA 3.0,GPL 3.0 ","https://opengameart.org/content/liberated-pixel-cup-lpc-base-assets-sprites-map-tiles,https://opengameart.org/content/lpc-barbarian-sprite-base,https://opengameart.org/content/lpc-muscular-swing-animation,https://opengameart.org/content/lpc-muscular-hurt-animation,https://opengameart.org/content/lpc-jump-expanded,https://opengameart.org/content/lpc-revised-character-basics,https://opengameart.org/content/lpc-be-seated,https://opengameart.org/content/lpc-jump-expanded,https://opengameart.org/content/lpc-character-bases,https://opengameart.org/content/lpc-male-jumping-animation-by-durrani "
head/heads/human/child/walk.png, ,"Stephen Challener (Redshrike),kheftel,bluecarrot16 ","OGA-BY 3.0,CC-BY 3.0,GPL 3.0 ","https://opengameart.org/content/,https://opengameart.org/content/lpc-child-standing-template,https://opengameart.org/content/lpc-character-bases "
head/heads/goblin/adult/walk.png,"original goblin by Redshrike, commisioned by William.Thomsponj; modular head extracted and enlarged by bluecarrot16 ","bluecarrot16,Stephen Challener (Redshrike),William.Thomsponj ","OGA-BY 3.0,CC-BY 4.0,GPL 2.0,GPL 3.0 ","https://opengameart.org/content/lpc-goblin,https://opengameart.org/content/lpc-folk "
head/heads/goblin/adult/slash.png,"original goblin by Redshrike, commisioned by William.Thomsponj; modular head extracted and enlarged by bluecarrot16 ","bluecarrot16,Stephen Challener (Redshrike),William.Thomsponj ","OGA-BY 3.0,CC-BY 4.0,GPL 2.0,GPL 3.0 ","https://opengameart.org/content/lpc-goblin,https://opengameart.org/content/lpc-folk "
head/heads/goblin/adult/hurt.png,"original goblin by Redshrike, commisioned by William.Thomsponj; modular head extracted and enlarged by bluecarrot16 ","bluecarrot16,Stephen Challener (Redshrike),William.Thomsponj ","OGA-BY 3.0,CC-BY 4.0,GPL 2.0,GPL 3.0 ","https://opengameart.org/content/lpc-goblin,https://opengameart.org/content/lpc-folk "
head/heads/troll/adult/walk.png,"original **Muscleman/Ogre/Minotaur** by Reemax, modified to **Troll** by AntumDeluge, edited to LPC style and converted to modular head by bluecarrot16 ","bluecarrot16,AntumDeluge,Tuomo Untinen (reemax) ",CC-BY 3.0 ,"https://opengameart.org/content/musclemanogreminotaur,https://opengameart.org/content/trolls-0,https://opengameart.org/content/lpc-folk "
head/heads/troll/adult/slash.png,"original **Muscleman/Ogre/Minotaur** by Reemax, modified to **Troll** by AntumDeluge, edited to LPC style and converted to modular head by bluecarrot16 ","bluecarrot16,AntumDeluge,Tuomo Untinen (reemax) ",CC-BY 3.0 ,"https://opengameart.org/content/musclemanogreminotaur,https://opengameart.org/content/trolls-0,https://opengameart.org/content/lpc-folk "
head/heads/troll/adult/hurt.png,"original **Muscleman/Ogre/Minotaur** by Reemax, modified to **Troll** by AntumDeluge, edited to LPC style and converted to modular head by bluecarrot16 ","bluecarrot16,AntumDeluge,Tuomo Untinen (reemax) ",CC-BY 3.0 ,"https://opengameart.org/content/musclemanogreminotaur,https://opengameart.org/content/trolls-0,https://opengameart.org/content/lpc-folk "
head/heads/wolf/male/walk.png,"original wolf animation by Redshrike, commissioned by William.Thompsonj; wolfman sprite by BenCreating, commissioned by castelonia; tweaks and headless version by bluecarrot16 ","bluecarrot16,Sander Frenken (castelonia),Benjamin K. Smith (BenCreating),William.Thompsonj,Stephen Challener (Redshrike) ","CC-BY-SA 3.0,GPL 3.0 ","https://opengameart.org/content/liberated-pixel-cup-lpc-base-assets-sprites-map-tiles,https://opengameart.org/content/lpc-wolf-animation,https://opengameart.org/content/lpc-wolfman,https://opengameart.org/content/lpc-character-bases "
head/heads/wolf/male/slash.png,"original wolf animation by Redshrike, commissioned by William.Thompsonj; wolfman sprite by BenCreating, commissioned by castelonia; tweaks and headless version by bluecarrot16 ","bluecarrot16,Sander Frenken (castelonia),Benjamin K. Smith (BenCreating),William.Thompsonj,Stephen Challener (Redshrike) ","CC-BY-SA 3.0,GPL 3.0 ","https://opengameart.org/content/liberated-pixel-cup-lpc-base-assets-sprites-map-tiles,https://opengameart.org/content/lpc-wolf-animation,https://opengameart.org/content/lpc-wolfman,https://opengameart.org/content/lpc-character-bases "
head/heads/wolf/male/hurt.png,"original wolf animation by Redshrike, commissioned by William.Thompsonj; wolfman sprite by BenCreating, commissioned by castelonia; tweaks and headless version by bluecarrot16 ","bluecarrot16,Sander Frenken (castelonia),Benjamin K. Smith (BenCreating),William.Thompsonj,Stephen Challener (Redshrike) ","CC-BY-SA 3.0,GPL 3.0 ","https://opengameart.org/content/liberated-pixel-cup-lpc-base-assets-sprites-map-tiles,https://opengameart.org/content/lpc-wolf-animation,https://opengameart.org/content/lpc-wolfman,https://opengameart.org/content/lpc-character-bases "
hair/wavy/child/walk.png, ,Nila122 ,"OGA-BY 3.0,CC-BY-SA 3.0,GPL 2.0,GPL 3.0 ",https://opengameart.org/content/3-hairs-for-lpc 
legs/pants/child,,Nila122,"OGA-BY 3.0,CC-BY-SA 3.0,GPL 3.0",https://opengameart.org/content/lpc-clothes-for-children
torso/clothes/shirt/child,,Nila122,"OGA-BY 3.0,CC-BY-SA 3.0,GPL 3.0",https://opengameart.org/content/lpc-clothes-for-children
